--POPOLAMENTO DB SCUOLA CALCIO

ALTER SESSION SET NLS_DATE_FORMAT = 'DD-Mon-YYYY HH24:MI:SS';

--GENITORI 2009 
INSERT INTO GENITORE VALUES('PLORSS9','PAOLO','RUSSO','PADRE');
INSERT INTO GENITORE VALUES('RFLCLF9','RAFFAELE','CALIFANO','PADRE');
INSERT INTO GENITORE VALUES('DCOFBO9','FABIO','DI CICCO','PADRE');
INSERT INTO GENITORE VALUES('NCLCNC9','NICOLA','CANCIELLO','PADRE');
INSERT INTO GENITORE VALUES('MSTCRM9','GIUSEPPE','MAISTO','PADRE');
INSERT INTO GENITORE VALUES('LCAPPN9','LUCIA','PAPINO','MADRE');
INSERT INTO GENITORE VALUES('MRZMTL9','MAURIZIO','MOTTOLA','PADRE');
INSERT INTO GENITORE VALUES('IMPGTN9','GAETANO','IMPRODA','PADRE');
INSERT INTO GENITORE VALUES('SGLGVN9','GIOVANNA','SAGLIANO','MADRE');
INSERT INTO GENITORE VALUES('CRLLGI9','LUIGI','CIRILLO','PADRE');
INSERT INTO GENITORE VALUES('ALSMRO9','ALESIO','MARIO','PADRE');
INSERT INTO GENITORE VALUES('TRMNCL9','NICOLA','TORROMARCO','PADRE');
--GENITORI 2007
INSERT INTO GENITORE VALUES('ALBNCL5','NICOLA','ALBERTINI','PADRE');
INSERT INTO GENITORE VALUES('SLMGSP5','GIUSEPPE','SALMA','PADRE');
INSERT INTO GENITORE VALUES('ESPMRO5','MARIO','ESPOSITO','PADRE');
INSERT INTO GENITORE VALUES('PSNGNR5','GENNARO','PISANI','PADRE');
INSERT INTO GENITORE VALUES('MNGANN5','ANNA','MANGIACAPRA','MADRE');
INSERT INTO GENITORE VALUES('CRLSLV5','SALVATORE','CICCARELLI','PADRE');
INSERT INTO GENITORE VALUES('SLTBVE5','SALVATORE','BOVE','PADRE');
INSERT INTO GENITORE VALUES('ARLMSS5','MASSIMO','ARLOTTA','PADRE');
--GENITORI 2002
INSERT INTO GENITORE VALUES('APCANT2','ANTONIO','APICE','PADRE');
INSERT INTO GENITORE VALUES('BLSLGI2','RAFFAELE','BALDASCINO','PADRE');
INSERT INTO GENITORE VALUES('OLVFBO2','FABIO','OLIVA','PADRE');
INSERT INTO GENITORE VALUES('MTDCRO2','CIRO','METODO','PADRE');
INSERT INTO GENITORE VALUES('RNBCRL2','CARLO','RUBEN','PADRE');
INSERT INTO GENITORE VALUES('RCCPSQ2','PASQUALE','RICCI','PADRE');
INSERT INTO GENITORE VALUES('GRNFRC2','FRANCESCO','GRANATA','PADRE');
INSERT INTO GENITORE VALUES('RSSLGI2','LUIGI','RUSSO','PADRE');
INSERT INTO GENITORE VALUES('RMCMNL2','MANUEL','ROMANUCCI','PADRE');
INSERT INTO GENITORE VALUES('PRZALB2','ALBERTO','PIROZZI','PADRE');
INSERT INTO GENITORE VALUES('CNTBGO2','BIAGIO','CANTE','PADRE');
INSERT INTO GENITORE VALUES('OLVNCL2','NICOLA','OLIVELLO','PADRE');
INSERT INTO GENITORE VALUES('PLMGNL2','GIANLUCA','PALERMO','PADRE');
INSERT INTO GENITORE VALUES('AMDCRO2','CIRO','AMENDOLA','PADRE');
INSERT INTO GENITORE VALUES('MLNFRC2','FRANCESCO','MILONE','PADRE');
INSERT INTO GENITORE VALUES('STODMN2','DOMENICO','STELLATO','PADRE');

--TELEFONO GENITORI 2002
INSERT INTO TELEFONO_G VALUES('APCANT2',3345337100);
INSERT INTO TELEFONO_G VALUES('BLSLGI2',3382023577);
INSERT INTO TELEFONO_G VALUES('OLVNCL2',3332597765);
INSERT INTO TELEFONO_G VALUES('MTDCRO2',3356449123);
INSERT INTO TELEFONO_G VALUES('RNBCRL2',3381456371);
INSERT INTO TELEFONO_G VALUES('RCCPSQ2',3669237541);
INSERT INTO TELEFONO_G VALUES('RNBCRL2',3387945444);
INSERT INTO TELEFONO_G VALUES('GRNFRC2',3347899926);
INSERT INTO TELEFONO_G VALUES('RSSLGI2',3337879544);
INSERT INTO TELEFONO_G VALUES('RMCMNL2',3246798978);
INSERT INTO TELEFONO_G VALUES('PRZALB2',3334845647);
INSERT INTO TELEFONO_G VALUES('CNTBGO2',3369997158);
INSERT INTO TELEFONO_G VALUES('OLVNCL2',3396398000);
INSERT INTO TELEFONO_G VALUES('PLMGNL2',3386798136);
INSERT INTO TELEFONO_G VALUES('AMDCRO2',3374896547);
INSERT INTO TELEFONO_G VALUES('MLNFRC2',3369847000);
INSERT INTO TELEFONO_G VALUES('STODMN2',3395354100);



--TELEFONO GENITORI 2009
INSERT INTO TELEFONO_G VALUES('PLORSS9',3345657100);
INSERT INTO TELEFONO_G VALUES('PLORSS9',3382040577);
INSERT INTO TELEFONO_G VALUES('RFLCLF9',3332598765);
INSERT INTO TELEFONO_G VALUES('DCOFBO9',3356789123);
INSERT INTO TELEFONO_G VALUES('NCLCNC9',3387956371);
INSERT INTO TELEFONO_G VALUES('MSTCRM9',3669087541);
INSERT INTO TELEFONO_G VALUES('LCAPPN9',3387945036);
INSERT INTO TELEFONO_G VALUES('MRZMTL9',3347895126);
INSERT INTO TELEFONO_G VALUES('IMPGTN9',3457879544);
INSERT INTO TELEFONO_G VALUES('SGLGVN9',3246798136);
INSERT INTO TELEFONO_G VALUES('CRLLGI9',3334896547);
INSERT INTO TELEFONO_G VALUES('ALSMRO9',3369847158);
INSERT INTO TELEFONO_G VALUES('TRMNCL9',3396367100);
--TELEFONO GENITORI 2005
INSERT INTO TELEFONO_G VALUES('ALSMRO9',3341657101);
INSERT INTO TELEFONO_G VALUES('SLMGSP5',3382130577);
INSERT INTO TELEFONO_G VALUES('ESPMRO5',3432398765);
INSERT INTO TELEFONO_G VALUES('PSNGNR5',3356482123);
INSERT INTO TELEFONO_G VALUES('MNGANN5',3387776371);
INSERT INTO TELEFONO_G VALUES('CRLSLV5',3669087441);
INSERT INTO TELEFONO_G VALUES('SLTBVE5',3387905036);
INSERT INTO TELEFONO_G VALUES('ARLMSS5',3347893226);

--ALLIEVI 2009
INSERT INTO ALLIEVO VALUES('1234509','PLORSS9','ANDREA','RUSSO','20-FEB-2009','VERDI','81030','LUSCIANO');
INSERT INTO ALLIEVO VALUES('1321509','RFLCLF9','PASQUALE','CALIFANO','01-GEN-2009','UNGARETTI','81030','LUSCIANO');
INSERT INTO ALLIEVO VALUES('1444509','DCOFBO9','LUIGI','DI CICCO','13-OTT-2009','BOITO','81031','AVERSA');
INSERT INTO ALLIEVO VALUES('1134509','NCLCNC9','RAFFAELE','CANCIELLO','24-DIC-2009','PUCCINI','85679','CASORIA');
INSERT INTO ALLIEVO VALUES('1456709','MSTCRM9','CARMINE','MAISTO','01-GEN-2009','MADONNELLE','81030','LUSCIANO');
INSERT INTO ALLIEVO VALUES('1336709','MRZMTL9','SALVATORE','MOTTOLA','06-GIU-2009','CARDUCCI','81030','LUSCIANO');
INSERT INTO ALLIEVO VALUES('7356609','SGLGVN9','PAOLO','IMPRODA','08-LUG-2009','TORRICELLI','81030','LUSCIANO');
INSERT INTO ALLIEVO VALUES('1455709','CRLLGI9','ANTONIO','CIRILLO','16-GEN-2009','PORTOLANA','81031','AVERSA');
INSERT INTO ALLIEVO VALUES('1256709','ALSMRO9','ALESIO','EMANUELE','07-MAG-2009','DI GRAZIE','81032','TRENTOLA');
INSERT INTO ALLIEVO VALUES('1337709','TRMNCL9','SALVATORE','TORROMARCO','27-APR-2009','PASCOLI','80401','CASERTA');

--ALLIEVI 2007
INSERT INTO ALLIEVO VALUES('1456705','SGLGVN9','UMBERTO','IMPRODA','05-GEN-2007','TORRICELLI','81030','LUSCIANO');
INSERT INTO ALLIEVO VALUES('1477705','ALBNCL5','EMANUELE','ALBERTINI','19-AGO-2007','DEI MILLE','81030','LUSCIANO');
INSERT INTO ALLIEVO VALUES('6656705','ESPMRO5','GIANLUCA','ESPOSITO','27-MAG-2007','CHIAIA','80401','CASERTA');
INSERT INTO ALLIEVO VALUES('1454305','PSNGNR5','PASQUALE','PISANII','05-MAG-2007','CAVALCANTI','81030','LUSCIANO');
INSERT INTO ALLIEVO VALUES('2156705','MNGANN5','EMANUELE','PIZZORUSSO','01-SET-2007','COSTANZO','81310','TRENTOLA');
INSERT INTO ALLIEVO VALUES('3256705','CRLSLV5','JOELE','CICCARELLI','13-MAR-2007','MARCONI','81030','LUSCIANO');
INSERT INTO ALLIEVO VALUES('1431705','SLTBVE5','ANTONIO','BOVE','10-APR-2007','DE NICOLA','81031','AVERSA');
INSERT INTO ALLIEVO VALUES('1254305','ARLMSS5','GIUSEPPE','ARLOTTA','13-LUG-2007','GIOTTO','81030','LUSCIANO');

--ALLIEVI 2002
INSERT INTO ALLIEVO VALUES('1456702','APCANT2','SIMONE','APICE','24-OTT-2002','GUIDI','81030','LUSCIANO');
INSERT INTO ALLIEVO VALUES('4456702','BLSLGI2','LUIGI','BALDASCINO','15-AGO-2002','MARECHIARO','81031','AVERSA');
INSERT INTO ALLIEVO VALUES('1345602','OLVFBO2','LUIGI','OLIVA','08-NOV-2002','GUIDI','81030','LUSCIANO');
INSERT INTO ALLIEVO VALUES('1775602','MTDCRO2','DAVIDE','METODO','30-DIC-2002','DE GASPERI','81032','TRENTOLA');
INSERT INTO ALLIEVO VALUES('1567602','RNBCRL2','PAOLO','RUBEN','10-MAR-2002','LIBERTA','81031','AVERSA');
INSERT INTO ALLIEVO VALUES('7777602','RCCPSQ2','ALFREDO','RICCI','27-LUG-2002','GALILEI','80401','CASERTA');
INSERT INTO ALLIEVO VALUES('2982702','GRNFRC2','GENNARO','GRANATA','11-FEB-2002','MARCHESI','81031','AVERSA');
INSERT INTO ALLIEVO VALUES('4567602','RSSLGI2','GIOVANNI','RUSSO','20-OTT-2002','BELVEDERE','81030','LUSCIANO');
INSERT INTO ALLIEVO VALUES('1512902','RMCMNL2','ANGELO','ROMANUCCI','04-APR-2002','RAFFAELLO','81030','LUSCIANO');
INSERT INTO ALLIEVO VALUES('5567802','PRZALB2','DOMENICO','PIROZZI','11-MAR-2002','MICHELA','81031','AVERSA');
INSERT INTO ALLIEVO VALUES('4798302','CNTBGO2','LEONARDO','CANTE','26-GIU-2002','DONATELLO','81032','TRENTOLA');
INSERT INTO ALLIEVO VALUES('6667602','OLVNCL2','ANTONIO','OLIVELLO','10-AGO-2002','MORO','81031','AVERSA');
INSERT INTO ALLIEVO VALUES('9824102','PLMGNL2','ANDREA','PALERMO','13-MAG-2002','MAZZINI','81030','LUSCIANO');
INSERT INTO ALLIEVO VALUES('8797602','AMDCRO2','VINCENZO','AMENDOLA','17-LUG-2002','CILEA','80401','CASERTA');
INSERT INTO ALLIEVO VALUES('7467602','MLNFRC2','GIUSEPPE','MILONE','18-OTT-2002','MICALETTI','81031','AVERSA');
INSERT INTO ALLIEVO VALUES('8562602','STODMN2','LUCA','STELLATO','9-FEB-2002','MORO','81030','LUSCIANO');

--DIRIGENTI DELLA SCUOLA CALCIO
INSERT INTO DIRIGENTE VALUES('MSMNGSD','MASSIMO','NUGNES','PRESIDENTE','AMMINISTRATIVO','01-SET-2012');
INSERT INTO DIRIGENTE VALUES('ALBCNCD','ALBERTA','CANCIELLO','PRESIDENTE','AMMINISTRATIVO','01-SET-2012');
INSERT INTO DIRIGENTE VALUES('DCLAMLD','AMALIA','DE CARLO','SEGRETARIA','AMMINISTRATIVO','01-SET-2012');
INSERT INTO DIRIGENTE VALUES('DRSRFFD','RAFFAELE','DE ROSA','COLLABORATORE','SPORTIVO','01-SET-2012');
INSERT INTO DIRIGENTE VALUES('CCNTMSD','TOMMASO','CICCONE','COLLABORATORE','SPORTIVO','01-SET-2014');
INSERT INTO DIRIGENTE VALUES('GVNVLMD','GIOVANNI','VLADIMIR','COLLABORATORE','SPORTIVO','01-SET-2012');
INSERT INTO DIRIGENTE VALUES('NGSNCLD','NICOLA','NUGNES','COLLABORATORE','AMMINISTRATIVO','01-SET-2012');

--PAGAMENTI EFFETTUATI DAGLI ALLIEVI 2009
INSERT INTO PAGAMENTO VALUES(PAGSEQ.NEXTVAL,'1234509','MSMNGSD','04-SET-2015',50);
INSERT INTO PAGAMENTO VALUES(PAGSEQ.NEXTVAL,'1321509','ALBCNCD','07-SET-2015',25);
INSERT INTO PAGAMENTO VALUES(PAGSEQ.NEXTVAL,'1444509','NGSNCLD','31-AGO-2015',75);
INSERT INTO PAGAMENTO VALUES(PAGSEQ.NEXTVAL,'1134509','DCLAMLD','02-SET-2015',25);
INSERT INTO PAGAMENTO VALUES(PAGSEQ.NEXTVAL,'1456709','ALBCNCD','24-SET-2015',100);
INSERT INTO PAGAMENTO VALUES(PAGSEQ.NEXTVAL,'1336709','MSMNGSD','04-SET-2015',25);
INSERT INTO PAGAMENTO VALUES(PAGSEQ.NEXTVAL,'7356609','MSMNGSD','05-SET-2015',50);
INSERT INTO PAGAMENTO VALUES(PAGSEQ.NEXTVAL,'1455709','ALBCNCD','08-OTT-2015',75);
INSERT INTO PAGAMENTO VALUES(PAGSEQ.NEXTVAL,'1256709','DCLAMLD','04-SET-2015',50);
INSERT INTO PAGAMENTO VALUES(PAGSEQ.NEXTVAL,'1337709','NGSNCLD','09-SET-2015',25);

--PAGAMENTI EFFETTUATI DAGLI ALLIEVI 2007
INSERT INTO PAGAMENTO VALUES(PAGSEQ.NEXTVAL,'1456705','NGSNCLD','03-SET-2015',50);
INSERT INTO PAGAMENTO VALUES(PAGSEQ.NEXTVAL,'1477705','MSMNGSD','25-AGO-2015',25);
INSERT INTO PAGAMENTO VALUES(PAGSEQ.NEXTVAL,'6656705','ALBCNCD','06-SET-2015',75);
INSERT INTO PAGAMENTO VALUES(PAGSEQ.NEXTVAL,'1454305','DCLAMLD','04-SET-2015',100);
INSERT INTO PAGAMENTO VALUES(PAGSEQ.NEXTVAL,'2156705','MSMNGSD','04-SET-2015',50);
INSERT INTO PAGAMENTO VALUES(PAGSEQ.NEXTVAL,'3256705','NGSNCLD','18-SET-2015',25);
INSERT INTO PAGAMENTO VALUES(PAGSEQ.NEXTVAL,'1431705','ALBCNCD','27-AGO-2015',50);
INSERT INTO PAGAMENTO VALUES(PAGSEQ.NEXTVAL,'1254305','DCLAMLD','03-SET-2015',25);

--PAGAMENTI EFFETTUATI DAI 2002
INSERT INTO PAGAMENTO VALUES(PAGSEQ.NEXTVAL,'1456702','NGSNCLD','03-SET-2015',50);
INSERT INTO PAGAMENTO VALUES(PAGSEQ.NEXTVAL,'4456702','MSMNGSD','25-AGO-2015',25);
INSERT INTO PAGAMENTO VALUES(PAGSEQ.NEXTVAL,'1345602','ALBCNCD','06-SET-2015',75);
INSERT INTO PAGAMENTO VALUES(PAGSEQ.NEXTVAL,'1775602','DCLAMLD','04-SET-2015',100);
INSERT INTO PAGAMENTO VALUES(PAGSEQ.NEXTVAL,'1567602','MSMNGSD','04-SET-2015',50);
INSERT INTO PAGAMENTO VALUES(PAGSEQ.NEXTVAL,'7777602','NGSNCLD','18-SET-2015',25);
INSERT INTO PAGAMENTO VALUES(PAGSEQ.NEXTVAL,'2982702','ALBCNCD','27-AGO-2015',50);
INSERT INTO PAGAMENTO VALUES(PAGSEQ.NEXTVAL,'4567602','DCLAMLD','03-SET-2015',25);
INSERT INTO PAGAMENTO VALUES(PAGSEQ.NEXTVAL,'1512902','NGSNCLD','03-SET-2015',50);
INSERT INTO PAGAMENTO VALUES(PAGSEQ.NEXTVAL,'5567802','MSMNGSD','25-AGO-2015',25);
INSERT INTO PAGAMENTO VALUES(PAGSEQ.NEXTVAL,'4798302','ALBCNCD','06-SET-2015',75);
INSERT INTO PAGAMENTO VALUES(PAGSEQ.NEXTVAL,'6667602','DCLAMLD','04-SET-2015',100);
INSERT INTO PAGAMENTO VALUES(PAGSEQ.NEXTVAL,'9824102','MSMNGSD','04-SET-2015',50);
INSERT INTO PAGAMENTO VALUES(PAGSEQ.NEXTVAL,'8797602','NGSNCLD','18-SET-2015',25);
INSERT INTO PAGAMENTO VALUES(PAGSEQ.NEXTVAL,'7467602','ALBCNCD','27-AGO-2015',50);
INSERT INTO PAGAMENTO VALUES(PAGSEQ.NEXTVAL,'8562602','DCLAMLD','03-SET-2015',25);

--MISTER 
INSERT INTO MISTER VALUES('M123456','ANTONIO','ABATE','09-FEB-1994');
INSERT INTO MISTER VALUES('M123450','GIOVANNI','ARTICOLARE','24-APR-1989');
INSERT INTO MISTER VALUES('M123451','ANTONIO','APICE','09-FEB-1970');
INSERT INTO MISTER VALUES('M123452','CANCIELLO','NICOLA','09-FEB-1972');
INSERT INTO MISTER VALUES('M123453','MICHELE','PISAPIA','03-GEN-1997');

--QUALIFICA MISTER
INSERT INTO QUALIFICA_M VALUES('M123456','DIPLOMA');
INSERT INTO QUALIFICA_M VALUES('M123450','UEFA-B');
INSERT INTO QUALIFICA_M VALUES('M123451','FIGC');
INSERT INTO QUALIFICA_M VALUES('M123452','DIPLOMA');
INSERT INTO QUALIFICA_M VALUES('M123453','UEFA-B');

--CATEGORIE DELLA SCUOLA CALCIO
INSERT INTO SQUADRA VALUES('PICCOLI AMICI',6,'M123456');
INSERT INTO SQUADRA VALUES('PULCINI',8,'M123451');
INSERT INTO SQUADRA VALUES('GIOVANISSIMI',13,'M123450');

--ALLIEVI CHE GIOCANO NELLA CATEGORIA 2009
INSERT INTO GIOCA_IN VALUES('1234509','PICCOLI AMICI',6,NULL,NULL);
INSERT INTO GIOCA_IN VALUES('1321509','PICCOLI AMICI',6,NULL,NULL);
INSERT INTO GIOCA_IN VALUES('1444509','PICCOLI AMICI',6,NULL,NULL);
INSERT INTO GIOCA_IN VALUES('1134509','PICCOLI AMICI',6,NULL,NULL);
INSERT INTO GIOCA_IN VALUES('1456709','PICCOLI AMICI',6,NULL,NULL);
INSERT INTO GIOCA_IN VALUES('1336709','PICCOLI AMICI',6,NULL,NULL);
INSERT INTO GIOCA_IN VALUES('7356609','PICCOLI AMICI',6,NULL,NULL);
INSERT INTO GIOCA_IN VALUES('1455709','PICCOLI AMICI',6,NULL,NULL);
INSERT INTO GIOCA_IN VALUES('1256709','PICCOLI AMICI',6,NULL,NULL);
INSERT INTO GIOCA_IN VALUES('1337709','PICCOLI AMICI',6,NULL,NULL);

--ALLIEVI CHE GIOCANO NELLA CATEGORIA 2007
INSERT INTO GIOCA_IN VALUES('1456705','PULCINI',8,NULL,NULL);
INSERT INTO GIOCA_IN VALUES('1477705','PULCINI',8,NULL,NULL);
INSERT INTO GIOCA_IN VALUES('6656705','PULCINI',8,NULL,NULL);
INSERT INTO GIOCA_IN VALUES('1454305','PULCINI',8,NULL,NULL);
INSERT INTO GIOCA_IN VALUES('2156705','PULCINI',8,NULL,NULL);
INSERT INTO GIOCA_IN VALUES('3256705','PULCINI',8,NULL,NULL);
INSERT INTO GIOCA_IN VALUES('1431705','PULCINI',8,NULL,NULL);
INSERT INTO GIOCA_IN VALUES('1254305','PULCINI',8,NULL,NULL);

--ALLIEVI CHE GIOCANO NELLA CATEGORIA 2002
INSERT INTO GIOCA_IN VALUES('1456702','GIOVANISSIMI',13,NULL,NULL);
INSERT INTO GIOCA_IN VALUES('4456702','GIOVANISSIMI',13,NULL,NULL);
INSERT INTO GIOCA_IN VALUES('1345602','GIOVANISSIMI',13,NULL,NULL);
INSERT INTO GIOCA_IN VALUES('1775602','GIOVANISSIMI',13,NULL,NULL);
INSERT INTO GIOCA_IN VALUES('1567602','GIOVANISSIMI',13,NULL,NULL);
INSERT INTO GIOCA_IN VALUES('7777602','GIOVANISSIMI',13,NULL,NULL);
INSERT INTO GIOCA_IN VALUES('2982702','GIOVANISSIMI',13,NULL,NULL);
INSERT INTO GIOCA_IN VALUES('4567602','GIOVANISSIMI',13,NULL,NULL);
INSERT INTO GIOCA_IN VALUES('1512902','GIOVANISSIMI',13,NULL,NULL);
INSERT INTO GIOCA_IN VALUES('5567802','GIOVANISSIMI',13,NULL,NULL);
INSERT INTO GIOCA_IN VALUES('4798302','GIOVANISSIMI',13,NULL,NULL);
INSERT INTO GIOCA_IN VALUES('6667602','GIOVANISSIMI',13,NULL,NULL);
INSERT INTO GIOCA_IN VALUES('9824102','GIOVANISSIMI',13,NULL,NULL);
INSERT INTO GIOCA_IN VALUES('8797602','GIOVANISSIMI',13,NULL,NULL);
INSERT INTO GIOCA_IN VALUES('7467602','GIOVANISSIMI',13,NULL,NULL);
INSERT INTO GIOCA_IN VALUES('8562602','GIOVANISSIMI',13,NULL,NULL);

--ALLENAMENTI DEI 2002
INSERT INTO ALLENAMENTO VALUES('31-AGO-2015 15:00:00','M123450','GIOVANISSIMI',13,120);
INSERT INTO ALLENAMENTO VALUES('02-SET-2015 15:00:00','M123450','GIOVANISSIMI',13,120);
INSERT INTO ALLENAMENTO VALUES('04-SET-2015 15:00:00','M123450','GIOVANISSIMI',13,120);
INSERT INTO ALLENAMENTO VALUES('07-SET-2015 15:00:00','M123450','GIOVANISSIMI',13,120);
INSERT INTO ALLENAMENTO VALUES('09-SET-2015 15:00:00','M123450','GIOVANISSIMI',13,120);
INSERT INTO ALLENAMENTO VALUES('11-SET-2015 15:00:00','M123450','GIOVANISSIMI',13,120);
INSERT INTO ALLENAMENTO VALUES('14-SET-2015 15:00:00','M123450','GIOVANISSIMI',13,120);
INSERT INTO ALLENAMENTO VALUES('16-SET-2015 15:00:00','M123450','GIOVANISSIMI',13,120);
INSERT INTO ALLENAMENTO VALUES('18-SET-2015 15:00:00','M123450','GIOVANISSIMI',13,120);
INSERT INTO ALLENAMENTO VALUES('21-SET-2015 15:00:00','M123450','GIOVANISSIMI',13,120);
INSERT INTO ALLENAMENTO VALUES('23-SET-2015 15:00:00','M123450','GIOVANISSIMI',13,120);
INSERT INTO ALLENAMENTO VALUES('25-SET-2015 15:00:00','M123450','GIOVANISSIMI',13,120);
INSERT INTO ALLENAMENTO VALUES('28-SET-2015 15:00:00','M123450','GIOVANISSIMI',13,120);
INSERT INTO ALLENAMENTO VALUES('30-SET-2015 15:00:00','M123450','GIOVANISSIMI',13,120);

--ALLENAMENTI 2007
INSERT INTO ALLENAMENTO VALUES('02-SET-2015 16:30:00','M123451','PULCINI',8,90);
INSERT INTO ALLENAMENTO VALUES('04-SET-2015 16:30:00','M123451','PULCINI',8,90);
INSERT INTO ALLENAMENTO VALUES('09-SET-2015 16:30:00','M123451','PULCINI',8,90);
INSERT INTO ALLENAMENTO VALUES('11-SET-2015 16:30:00','M123451','PULCINI',8,90);
INSERT INTO ALLENAMENTO VALUES('16-SET-2015 16:30:00','M123451','PULCINI',8,90);
INSERT INTO ALLENAMENTO VALUES('18-SET-2015 16:30:00','M123451','PULCINI',8,90);
INSERT INTO ALLENAMENTO VALUES('23-SET-2015 16:30:00','M123451','PULCINI',8,90);
INSERT INTO ALLENAMENTO VALUES('25-SET-2015 16:30:00','M123451','PULCINI',8,90);
INSERT INTO ALLENAMENTO VALUES('30-SET-2015 16:30:00','M123451','PULCINI',8,90);

--ALLENAMENTI 2009
INSERT INTO ALLENAMENTO VALUES('01-SET-2015 16:30:00','M123456','PICCOLI AMICI',6,90);
INSERT INTO ALLENAMENTO VALUES('03-SET-2015 16:30:00','M123456','PICCOLI AMICI',6,90);
INSERT INTO ALLENAMENTO VALUES('08-SET-2015 16:30:00','M123456','PICCOLI AMICI',6,90);
INSERT INTO ALLENAMENTO VALUES('10-SET-2015 16:30:00','M123456','PICCOLI AMICI',6,90);
INSERT INTO ALLENAMENTO VALUES('15-SET-2015 16:30:00','M123456','PICCOLI AMICI',6,90);
INSERT INTO ALLENAMENTO VALUES('17-SET-2015 16:30:00','M123456','PICCOLI AMICI',6,90);
INSERT INTO ALLENAMENTO VALUES('22-SET-2015 16:30:00','M123456','PICCOLI AMICI',6,90);
INSERT INTO ALLENAMENTO VALUES('24-SET-2015 16:30:00','M123456','PICCOLI AMICI',6,90);
INSERT INTO ALLENAMENTO VALUES('29-SET-2015 16:30:00','M123456','PICCOLI AMICI',6,90);

--ALLENAMENTI SOSTENUTI ANDREA RUSSO
INSERT INTO SOSTIENE VALUES('1234509','01-SET-2015 16:30:00','CENTROCAMPISTA',9);
INSERT INTO SOSTIENE VALUES('1234509','03-SET-2015 16:30:00','CENTROCAMPISTA',8);
INSERT INTO SOSTIENE VALUES('1234509','08-SET-2015 16:30:00','CENTROCAMPISTA',9);
INSERT INTO SOSTIENE VALUES('1234509','10-SET-2015 16:30:00','CENTROCAMPISTA',7);
INSERT INTO SOSTIENE VALUES('1234509','15-SET-2015 16:30:00','CENTROCAMPISTA',6);
INSERT INTO SOSTIENE VALUES('1234509','17-SET-2015 16:30:00','CENTROCAMPISTA',8);
INSERT INTO SOSTIENE VALUES('1234509','22-SET-2015 16:30:00','CENTROCAMPISTA',9);
INSERT INTO SOSTIENE VALUES('1234509','24-SET-2015 16:30:00','CENTROCAMPISTA',9);
INSERT INTO SOSTIENE VALUES('1234509','29-SET-2015 16:30:00','CENTROCAMPISTA',9);

--ALLENAMENTI SOSTENUTI PASQUALE CALIFANO
INSERT INTO SOSTIENE VALUES('1321509','01-SET-2015 16:30:00','DIFENSORE',9);
INSERT INTO SOSTIENE VALUES('1321509','03-SET-2015 16:30:00','DIFENSORE',7);
INSERT INTO SOSTIENE VALUES('1321509','08-SET-2015 16:30:00','DIFENSORE',6);
INSERT INTO SOSTIENE VALUES('1321509','10-SET-2015 16:30:00','DIFENSORE',9);
INSERT INTO SOSTIENE VALUES('1321509','15-SET-2015 16:30:00','DIFENSORE',8);
INSERT INTO SOSTIENE VALUES('1321509','17-SET-2015 16:30:00','DIFENSORE',7);
INSERT INTO SOSTIENE VALUES('1321509','22-SET-2015 16:30:00','DIFENSORE',8);
INSERT INTO SOSTIENE VALUES('1321509','24-SET-2015 16:30:00','DIFENSORE',8);
INSERT INTO SOSTIENE VALUES('1321509','29-SET-2015 16:30:00','DIFENSORE',9);

--ALLENAMENTI SOSTENUTI LUIGI DI CICCO
INSERT INTO SOSTIENE VALUES('1444509','01-SET-2015 16:30:00','CENTROCAMPISTA',8);
INSERT INTO SOSTIENE VALUES('1444509','03-SET-2015 16:30:00','CENTROCAMPISTA',7);
INSERT INTO SOSTIENE VALUES('1444509','08-SET-2015 16:30:00','CENTROCAMPISTA',9);
INSERT INTO SOSTIENE VALUES('1444509','10-SET-2015 16:30:00','CENTROCAMPISTA',7);
INSERT INTO SOSTIENE VALUES('1444509','15-SET-2015 16:30:00','CENTROCAMPISTA',5);
INSERT INTO SOSTIENE VALUES('1444509','17-SET-2015 16:30:00','CENTROCAMPISTA',8);
INSERT INTO SOSTIENE VALUES('1444509','22-SET-2015 16:30:00','CENTROCAMPISTA',10);
INSERT INTO SOSTIENE VALUES('1444509','24-SET-2015 16:30:00','CENTROCAMPISTA',9);
INSERT INTO SOSTIENE VALUES('1444509','29-SET-2015 16:30:00','CENTROCAMPISTA',8);

--ALLENAMENTI SOSTENUTI CANCIELLO RAFFAELE
INSERT INTO SOSTIENE VALUES('1134509','01-SET-2015 16:30:00','PORTIERE',8);
INSERT INTO SOSTIENE VALUES('1134509','03-SET-2015 16:30:00','PORTIERE',6);
INSERT INTO SOSTIENE VALUES('1134509','08-SET-2015 16:30:00','PORTIERE',7);
INSERT INTO SOSTIENE VALUES('1134509','10-SET-2015 16:30:00','PORTIERE',5);
INSERT INTO SOSTIENE VALUES('1134509','15-SET-2015 16:30:00','PORTIERE',8);
INSERT INTO SOSTIENE VALUES('1134509','17-SET-2015 16:30:00','PORTIERE',6);
INSERT INTO SOSTIENE VALUES('1134509','22-SET-2015 16:30:00','PORTIERE',6);
INSERT INTO SOSTIENE VALUES('1134509','24-SET-2015 16:30:00','PORTIERE',7);
INSERT INTO SOSTIENE VALUES('1134509','29-SET-2015 16:30:00','PORTIERE',8);

--ALLENAMENTI SOSTENUTI MOTTOLA SALVATORE
INSERT INTO SOSTIENE VALUES('1336709','01-SET-2015 16:30:00','PORTIERE',8);
INSERT INTO SOSTIENE VALUES('1336709','03-SET-2015 16:30:00','PORTIERE',5);
INSERT INTO SOSTIENE VALUES('1336709','08-SET-2015 16:30:00','PORTIERE',5);
INSERT INTO SOSTIENE VALUES('1336709','10-SET-2015 16:30:00','PORTIERE',5);
INSERT INTO SOSTIENE VALUES('1336709','15-SET-2015 16:30:00','PORTIERE',8);
INSERT INTO SOSTIENE VALUES('1336709','17-SET-2015 16:30:00','PORTIERE',6);
INSERT INTO SOSTIENE VALUES('1336709','22-SET-2015 16:30:00','PORTIERE',6);
INSERT INTO SOSTIENE VALUES('1336709','24-SET-2015 16:30:00','PORTIERE',8);
INSERT INTO SOSTIENE VALUES('1336709','29-SET-2015 16:30:00','PORTIERE',7);

--ALLENAMENTI SOSTENUTI CARMINE MAISTO
INSERT INTO SOSTIENE VALUES('1456709','01-SET-2015 16:30:00','ATTACCANTE',7);
INSERT INTO SOSTIENE VALUES('1456709','03-SET-2015 16:30:00','ATTACCANTE',6);
INSERT INTO SOSTIENE VALUES('1456709','08-SET-2015 16:30:00','ATTACCANTE',5);
INSERT INTO SOSTIENE VALUES('1456709','10-SET-2015 16:30:00','ATTACCANTE',6);
INSERT INTO SOSTIENE VALUES('1456709','15-SET-2015 16:30:00','ATTACCANTE',8);
INSERT INTO SOSTIENE VALUES('1456709','17-SET-2015 16:30:00','ATTACCANTE',5);
INSERT INTO SOSTIENE VALUES('1456709','22-SET-2015 16:30:00','ATTACCANTE',6);
INSERT INTO SOSTIENE VALUES('1456709','24-SET-2015 16:30:00','ATTACCANTE',7);
INSERT INTO SOSTIENE VALUES('1456709','29-SET-2015 16:30:00','ATTACCANTE',7);

--ALLENAMENTI PAOLO IMPRODA
INSERT INTO SOSTIENE VALUES('7356609','01-SET-2015 16:30:00','ATTACCANTE',7);
INSERT INTO SOSTIENE VALUES('7356609','03-SET-2015 16:30:00','ATTACCANTE',8);
INSERT INTO SOSTIENE VALUES('7356609','08-SET-2015 16:30:00','ATTACCANTE',8);
INSERT INTO SOSTIENE VALUES('7356609','10-SET-2015 16:30:00','ATTACCANTE',9);
INSERT INTO SOSTIENE VALUES('7356609','15-SET-2015 16:30:00','ATTACCANTE',7);
INSERT INTO SOSTIENE VALUES('7356609','17-SET-2015 16:30:00','ATTACCANTE',8);
INSERT INTO SOSTIENE VALUES('7356609','22-SET-2015 16:30:00','ATTACCANTE',8);
INSERT INTO SOSTIENE VALUES('7356609','24-SET-2015 16:30:00','ATTACCANTE',7);
INSERT INTO SOSTIENE VALUES('7356609','29-SET-2015 16:30:00','ATTACCANTE',5);

--ALENAMENTI ANTONIO CIRILLO
INSERT INTO SOSTIENE VALUES('1455709','01-SET-2015 16:30:00','DIFENSORE',7);
INSERT INTO SOSTIENE VALUES('1455709','03-SET-2015 16:30:00','DIFENSORE',7);
INSERT INTO SOSTIENE VALUES('1455709','08-SET-2015 16:30:00','DIFENSORE',7);
INSERT INTO SOSTIENE VALUES('1455709','10-SET-2015 16:30:00','DIFENSORE',4);
INSERT INTO SOSTIENE VALUES('1455709','15-SET-2015 16:30:00','DIFENSORE',5);
INSERT INTO SOSTIENE VALUES('1455709','17-SET-2015 16:30:00','DIFENSORE',8);
INSERT INTO SOSTIENE VALUES('1455709','22-SET-2015 16:30:00','DIFENSORE',4);
INSERT INTO SOSTIENE VALUES('1455709','24-SET-2015 16:30:00','DIFENSORE',7);
INSERT INTO SOSTIENE VALUES('1455709','29-SET-2015 16:30:00','DIFENSORE',5);

--ALLENAMENTI EMANUELE ALESIO
INSERT INTO SOSTIENE VALUES('1256709','01-SET-2015 16:30:00','DIFENSORE',7);
INSERT INTO SOSTIENE VALUES('1256709','03-SET-2015 16:30:00','DIFENSORE',6);
INSERT INTO SOSTIENE VALUES('1256709','08-SET-2015 16:30:00','DIFENSORE',6);
INSERT INTO SOSTIENE VALUES('1256709','10-SET-2015 16:30:00','DIFENSORE',4);
INSERT INTO SOSTIENE VALUES('1256709','15-SET-2015 16:30:00','DIFENSORE',5);
INSERT INTO SOSTIENE VALUES('1256709','17-SET-2015 16:30:00','DIFENSORE',8);
INSERT INTO SOSTIENE VALUES('1256709','22-SET-2015 16:30:00','DIFENSORE',7);
INSERT INTO SOSTIENE VALUES('1256709','24-SET-2015 16:30:00','DIFENSORE',5);
INSERT INTO SOSTIENE VALUES('1256709','29-SET-2015 16:30:00','DIFENSORE',7);

--ALLENAMENTI SALVATORE TORROMARCO
INSERT INTO SOSTIENE VALUES('1337709','01-SET-2015 16:30:00','CENTROCAMPISTA',7);
INSERT INTO SOSTIENE VALUES('1337709','03-SET-2015 16:30:00','CENTROCAMPISTA',6);
INSERT INTO SOSTIENE VALUES('1337709','08-SET-2015 16:30:00','CENTROCAMPISTA',6);
INSERT INTO SOSTIENE VALUES('1337709','10-SET-2015 16:30:00','CENTROCAMPISTA',4);
INSERT INTO SOSTIENE VALUES('1337709','15-SET-2015 16:30:00','CENTROCAMPISTA',5);
INSERT INTO SOSTIENE VALUES('1337709','17-SET-2015 16:30:00','CENTROCAMPISTA',8);
INSERT INTO SOSTIENE VALUES('1337709','22-SET-2015 16:30:00','CENTROCAMPISTA',7);
INSERT INTO SOSTIENE VALUES('1337709','24-SET-2015 16:30:00','CENTROCAMPISTA',5);
INSERT INTO SOSTIENE VALUES('1337709','29-SET-2015 16:30:00','CENTROCAMPISTA',7);

--ALLENAMENTI UMBERTO IMPRODA
INSERT INTO SOSTIENE VALUES('1456705','02-SET-2015 16:30:00','ATTACCANTE',5);
INSERT INTO SOSTIENE VALUES('1456705','04-SET-2015 16:30:00','ATTACCANTE',8);
INSERT INTO SOSTIENE VALUES('1456705','09-SET-2015 16:30:00','ATTACCANTE',8);
INSERT INTO SOSTIENE VALUES('1456705','11-SET-2015 16:30:00','ATTACCANTE',9);
INSERT INTO SOSTIENE VALUES('1456705','16-SET-2015 16:30:00','ATTACCANTE',8);
INSERT INTO SOSTIENE VALUES('1456705','18-SET-2015 16:30:00','ATTACCANTE',8);
INSERT INTO SOSTIENE VALUES('1456705','23-SET-2015 16:30:00','ATTACCANTE',8);
INSERT INTO SOSTIENE VALUES('1456705','25-SET-2015 16:30:00','ATTACCANTE',6);
INSERT INTO SOSTIENE VALUES('1456705','29-SET-2015 16:30:00','ATTACCANTE',9);

--ALLENAMENTI ALBERTINI
INSERT INTO SOSTIENE VALUES('1477705','02-SET-2015 16:30:00','PORTIERE',8);
INSERT INTO SOSTIENE VALUES('1477705','04-SET-2015 16:30:00','PORTIERE',6);
INSERT INTO SOSTIENE VALUES('1477705','09-SET-2015 16:30:00','PORTIERE',7);
INSERT INTO SOSTIENE VALUES('1477705','11-SET-2015 16:30:00','PORTIERE',5);
INSERT INTO SOSTIENE VALUES('1477705','16-SET-2015 16:30:00','PORTIERE',8);
INSERT INTO SOSTIENE VALUES('1477705','18-SET-2015 16:30:00','PORTIERE',7);
INSERT INTO SOSTIENE VALUES('1477705','23-SET-2015 16:30:00','PORTIERE',6);
INSERT INTO SOSTIENE VALUES('1477705','25-SET-2015 16:30:00','PORTIERE',8);
INSERT INTO SOSTIENE VALUES('1477705','29-SET-2015 16:30:00','PORTIERE',9);

--ALLENAMENTI ESPOSITO
INSERT INTO SOSTIENE VALUES('6656705','02-SET-2015 16:30:00','DIFENSORE',8);
INSERT INTO SOSTIENE VALUES('6656705','04-SET-2015 16:30:00','DIFENSORE',6);
INSERT INTO SOSTIENE VALUES('6656705','09-SET-2015 16:30:00','DIFENSORE',7);
INSERT INTO SOSTIENE VALUES('6656705','11-SET-2015 16:30:00','DIFENSORE',5);
INSERT INTO SOSTIENE VALUES('6656705','16-SET-2015 16:30:00','DIFENSORE',8);
INSERT INTO SOSTIENE VALUES('6656705','18-SET-2015 16:30:00','DIFENSORE',7);
INSERT INTO SOSTIENE VALUES('6656705','23-SET-2015 16:30:00','DIFENSORE',6);
INSERT INTO SOSTIENE VALUES('6656705','25-SET-2015 16:30:00','DIFENSORE',8);
INSERT INTO SOSTIENE VALUES('6656705','29-SET-2015 16:30:00','DIFENSORE',9);

--ALLENAMENTI PISANI
INSERT INTO SOSTIENE VALUES('1454305','02-SET-2015 16:30:00','ATTACCANTE',8);
INSERT INTO SOSTIENE VALUES('1454305','04-SET-2015 16:30:00','ATTACCANTE',6);
INSERT INTO SOSTIENE VALUES('1454305','09-SET-2015 16:30:00','ATTACCANTE',7);
INSERT INTO SOSTIENE VALUES('1454305','11-SET-2015 16:30:00','ATTACCANTE',5);
INSERT INTO SOSTIENE VALUES('1454305','16-SET-2015 16:30:00','ATTACCANTE',8);
INSERT INTO SOSTIENE VALUES('1454305','18-SET-2015 16:30:00','ATTACCANTE',7);
INSERT INTO SOSTIENE VALUES('1454305','23-SET-2015 16:30:00','ATTACCANTE',6);
INSERT INTO SOSTIENE VALUES('1454305','25-SET-2015 16:30:00','ATTACCANTE',8);
INSERT INTO SOSTIENE VALUES('1454305','29-SET-2015 16:30:00','ATTACCANTE',9);

--ALLENAMENTI ARLOTTA
INSERT INTO SOSTIENE VALUES('1254305','02-SET-2015 16:30:00','ATTACCANTE',6);
INSERT INTO SOSTIENE VALUES('1254305','04-SET-2015 16:30:00','ATTACCANTE',6);
INSERT INTO SOSTIENE VALUES('1254305','09-SET-2015 16:30:00','ATTACCANTE',5);
INSERT INTO SOSTIENE VALUES('1254305','11-SET-2015 16:30:00','ATTACCANTE',5);
INSERT INTO SOSTIENE VALUES('1254305','16-SET-2015 16:30:00','ATTACCANTE',6);
INSERT INTO SOSTIENE VALUES('1254305','18-SET-2015 16:30:00','ATTACCANTE',4);
INSERT INTO SOSTIENE VALUES('1254305','23-SET-2015 16:30:00','ATTACCANTE',6);
INSERT INTO SOSTIENE VALUES('1254305','25-SET-2015 16:30:00','ATTACCANTE',8);
INSERT INTO SOSTIENE VALUES('1254305','29-SET-2015 16:30:00','ATTACCANTE',8);

--ALLENAMENTI PIZZORUSSO
INSERT INTO SOSTIENE VALUES('2156705','02-SET-2015 16:30:00','DIFENSORE',6);
INSERT INTO SOSTIENE VALUES('2156705','04-SET-2015 16:30:00','DIFENSORE',6);
INSERT INTO SOSTIENE VALUES('2156705','09-SET-2015 16:30:00','DIFENSORE',5);
INSERT INTO SOSTIENE VALUES('2156705','11-SET-2015 16:30:00','DIFENSORE',5);
INSERT INTO SOSTIENE VALUES('2156705','16-SET-2015 16:30:00','DIFENSORE',6);
INSERT INTO SOSTIENE VALUES('2156705','18-SET-2015 16:30:00','DIFENSORE',4);
INSERT INTO SOSTIENE VALUES('2156705','23-SET-2015 16:30:00','DIFENSORE',5);
INSERT INTO SOSTIENE VALUES('2156705','25-SET-2015 16:30:00','DIFENSORE',7);
INSERT INTO SOSTIENE VALUES('2156705','29-SET-2015 16:30:00','DIFENSORE',7);

--ALLENAMENTI BOVE
INSERT INTO SOSTIENE VALUES('1431705','02-SET-2015 16:30:00','DIFENSORE',7);
INSERT INTO SOSTIENE VALUES('1431705','04-SET-2015 16:30:00','DIFENSORE',7);
INSERT INTO SOSTIENE VALUES('1431705','09-SET-2015 16:30:00','DIFENSORE',8);
INSERT INTO SOSTIENE VALUES('1431705','11-SET-2015 16:30:00','DIFENSORE',7);
INSERT INTO SOSTIENE VALUES('1431705','16-SET-2015 16:30:00','DIFENSORE',9);
INSERT INTO SOSTIENE VALUES('1431705','18-SET-2015 16:30:00','DIFENSORE',6);
INSERT INTO SOSTIENE VALUES('1431705','23-SET-2015 16:30:00','DIFENSORE',8);
INSERT INTO SOSTIENE VALUES('1431705','25-SET-2015 16:30:00','DIFENSORE',9);
INSERT INTO SOSTIENE VALUES('1431705','29-SET-2015 16:30:00','DIFENSORE',7);

--ALLENAMENTI CICCARELLI
INSERT INTO SOSTIENE VALUES('3256705','02-SET-2015 16:30:00','CENTROCAMPISTA',7);
INSERT INTO SOSTIENE VALUES('3256705','04-SET-2015 16:30:00','CENTROCAMPISTA',7);
INSERT INTO SOSTIENE VALUES('3256705','09-SET-2015 16:30:00','CENTROCAMPISTA',8);
INSERT INTO SOSTIENE VALUES('3256705','11-SET-2015 16:30:00','CENTROCAMPISTA',7);
INSERT INTO SOSTIENE VALUES('3256705','16-SET-2015 16:30:00','CENTROCAMPISTA',9);
INSERT INTO SOSTIENE VALUES('3256705','18-SET-2015 16:30:00','CENTROCAMPISTA',6);
INSERT INTO SOSTIENE VALUES('3256705','23-SET-2015 16:30:00','CENTROCAMPISTA',8);
INSERT INTO SOSTIENE VALUES('3256705','25-SET-2015 16:30:00','CENTROCAMPISTA',9);
INSERT INTO SOSTIENE VALUES('3256705','29-SET-2015 16:30:00','CENTROCAMPISTA',8);


--ALLENAMENTI APICE
INSERT INTO SOSTIENE VALUES('1456702','31-AGO-2015 15:00:00','PORTIERE',7);
INSERT INTO SOSTIENE VALUES('1456702','02-SET-2015 15:00:00','PORTIERE',7);
INSERT INTO SOSTIENE VALUES('1456702','04-SET-2015 15:00:00','PORTIERE',6);
INSERT INTO SOSTIENE VALUES('1456702','07-SET-2015 15:00:00','PORTIERE',9);
INSERT INTO SOSTIENE VALUES('1456702','09-SET-2015 15:00:00','PORTIERE',8);
INSERT INTO SOSTIENE VALUES('1456702','11-SET-2015 15:00:00','PORTIERE',10);
INSERT INTO SOSTIENE VALUES('1456702','14-SET-2015 15:00:00','PORTIERE',5);
INSERT INTO SOSTIENE VALUES('1456702','16-SET-2015 15:00:00','PORTIERE',6);
INSERT INTO SOSTIENE VALUES('1456702','18-SET-2015 15:00:00','PORTIERE',8);
INSERT INTO SOSTIENE VALUES('1456702','21-SET-2015 15:00:00','PORTIERE',8);
INSERT INTO SOSTIENE VALUES('1456702','23-SET-2015 15:00:00','PORTIERE',7);
INSERT INTO SOSTIENE VALUES('1456702','25-SET-2015 15:00:00','PORTIERE',5);
INSERT INTO SOSTIENE VALUES('1456702','28-SET-2015 15:00:00','PORTIERE',7);
INSERT INTO SOSTIENE VALUES('1456702','30-SET-2015 15:00:00','PORTIERE',9);

--ALLENAMENTI BALDASCINO
INSERT INTO SOSTIENE VALUES('4456702','31-AGO-2015 15:00:00','PORTIERE',7);
INSERT INTO SOSTIENE VALUES('4456702','02-SET-2015 15:00:00','PORTIERE',7);
INSERT INTO SOSTIENE VALUES('4456702','04-SET-2015 15:00:00','PORTIERE',6);
INSERT INTO SOSTIENE VALUES('4456702','07-SET-2015 15:00:00','PORTIERE',9);
INSERT INTO SOSTIENE VALUES('4456702','09-SET-2015 15:00:00','PORTIERE',8);
INSERT INTO SOSTIENE VALUES('4456702','11-SET-2015 15:00:00','PORTIERE',10);
INSERT INTO SOSTIENE VALUES('4456702','14-SET-2015 15:00:00','PORTIERE',5);
INSERT INTO SOSTIENE VALUES('4456702','16-SET-2015 15:00:00','PORTIERE',6);
INSERT INTO SOSTIENE VALUES('4456702','18-SET-2015 15:00:00','PORTIERE',6);
INSERT INTO SOSTIENE VALUES('4456702','21-SET-2015 15:00:00','PORTIERE',6);
INSERT INTO SOSTIENE VALUES('4456702','23-SET-2015 15:00:00','PORTIERE',4);
INSERT INTO SOSTIENE VALUES('4456702','25-SET-2015 15:00:00','PORTIERE',5);
INSERT INTO SOSTIENE VALUES('4456702','28-SET-2015 15:00:00','PORTIERE',7);
INSERT INTO SOSTIENE VALUES('4456702','30-SET-2015 15:00:00','PORTIERE',5);

--ALLENAMENTI OLIVA
INSERT INTO SOSTIENE VALUES('1345602','31-AGO-2015 15:00:00','DIFENSORE',7);
INSERT INTO SOSTIENE VALUES('1345602','02-SET-2015 15:00:00','DIFENSORE',7);
INSERT INTO SOSTIENE VALUES('1345602','04-SET-2015 15:00:00','DIFENSORE',6);
INSERT INTO SOSTIENE VALUES('1345602','07-SET-2015 15:00:00','DIFENSORE',9);
INSERT INTO SOSTIENE VALUES('1345602','09-SET-2015 15:00:00','DIFENSORE',8);
INSERT INTO SOSTIENE VALUES('1345602','11-SET-2015 15:00:00','DIFENSORE',10);
INSERT INTO SOSTIENE VALUES('1345602','14-SET-2015 15:00:00','DIFENSORE',8);
INSERT INTO SOSTIENE VALUES('1345602','16-SET-2015 15:00:00','DIFENSORE',6);
INSERT INTO SOSTIENE VALUES('1345602','18-SET-2015 15:00:00','DIFENSORE',7);
INSERT INTO SOSTIENE VALUES('1345602','21-SET-2015 15:00:00','DIFENSORE',7);
INSERT INTO SOSTIENE VALUES('1345602','23-SET-2015 15:00:00','DIFENSORE',4);
INSERT INTO SOSTIENE VALUES('1345602','25-SET-2015 15:00:00','DIFENSORE',5);
INSERT INTO SOSTIENE VALUES('1345602','28-SET-2015 15:00:00','DIFENSORE',7);
INSERT INTO SOSTIENE VALUES('1345602','30-SET-2015 15:00:00','DIFENSORE',9);

--ALLENAMENTI METODO
INSERT INTO SOSTIENE VALUES('1775602','31-AGO-2015 15:00:00','DIFENSORE',7);
INSERT INTO SOSTIENE VALUES('1775602','02-SET-2015 15:00:00','DIFENSORE',7);
INSERT INTO SOSTIENE VALUES('1775602','04-SET-2015 15:00:00','DIFENSORE',6);
INSERT INTO SOSTIENE VALUES('1775602','07-SET-2015 15:00:00','DIFENSORE',9);
INSERT INTO SOSTIENE VALUES('1775602','09-SET-2015 15:00:00','DIFENSORE',8);
INSERT INTO SOSTIENE VALUES('1775602','11-SET-2015 15:00:00','DIFENSORE',4);
INSERT INTO SOSTIENE VALUES('1775602','14-SET-2015 15:00:00','DIFENSORE',5);
INSERT INTO SOSTIENE VALUES('1775602','16-SET-2015 15:00:00','DIFENSORE',6);
INSERT INTO SOSTIENE VALUES('1775602','18-SET-2015 15:00:00','DIFENSORE',6);
INSERT INTO SOSTIENE VALUES('1775602','21-SET-2015 15:00:00','DIFENSORE',6);
INSERT INTO SOSTIENE VALUES('1775602','23-SET-2015 15:00:00','DIFENSORE',4);
INSERT INTO SOSTIENE VALUES('1775602','25-SET-2015 15:00:00','DIFENSORE',5);
INSERT INTO SOSTIENE VALUES('1775602','28-SET-2015 15:00:00','DIFENSORE',7);
INSERT INTO SOSTIENE VALUES('1775602','30-SET-2015 15:00:00','DIFENSORE',5);

--ALLENAMENTI RUBEN
INSERT INTO SOSTIENE VALUES('1567602','31-AGO-2015 15:00:00','DIFENSORE',7);
INSERT INTO SOSTIENE VALUES('1567602','02-SET-2015 15:00:00','DIFENSORE',7);
INSERT INTO SOSTIENE VALUES('1567602','04-SET-2015 15:00:00','DIFENSORE',9);
INSERT INTO SOSTIENE VALUES('1567602','07-SET-2015 15:00:00','DIFENSORE',9);
INSERT INTO SOSTIENE VALUES('1567602','09-SET-2015 15:00:00','DIFENSORE',8);
INSERT INTO SOSTIENE VALUES('1567602','11-SET-2015 15:00:00','DIFENSORE',6);
INSERT INTO SOSTIENE VALUES('1567602','14-SET-2015 15:00:00','DIFENSORE',7);
INSERT INTO SOSTIENE VALUES('1567602','16-SET-2015 15:00:00','DIFENSORE',7);
INSERT INTO SOSTIENE VALUES('1567602','18-SET-2015 15:00:00','DIFENSORE',7);
INSERT INTO SOSTIENE VALUES('1567602','21-SET-2015 15:00:00','DIFENSORE',6);
INSERT INTO SOSTIENE VALUES('1567602','23-SET-2015 15:00:00','DIFENSORE',8);
INSERT INTO SOSTIENE VALUES('1567602','25-SET-2015 15:00:00','DIFENSORE',9);
INSERT INTO SOSTIENE VALUES('1567602','28-SET-2015 15:00:00','DIFENSORE',7);
INSERT INTO SOSTIENE VALUES('1567602','30-SET-2015 15:00:00','DIFENSORE',10);

--ALLENAMENTI RICCI
INSERT INTO SOSTIENE VALUES('7777602','31-AGO-2015 15:00:00','DIFENSORE',7);
INSERT INTO SOSTIENE VALUES('7777602','02-SET-2015 15:00:00','DIFENSORE',7);
INSERT INTO SOSTIENE VALUES('7777602','04-SET-2015 15:00:00','DIFENSORE',6);
INSERT INTO SOSTIENE VALUES('7777602','07-SET-2015 15:00:00','DIFENSORE',6);
INSERT INTO SOSTIENE VALUES('7777602','09-SET-2015 15:00:00','DIFENSORE',5);
INSERT INTO SOSTIENE VALUES('7777602','11-SET-2015 15:00:00','DIFENSORE',6);
INSERT INTO SOSTIENE VALUES('7777602','14-SET-2015 15:00:00','DIFENSORE',7);
INSERT INTO SOSTIENE VALUES('7777602','16-SET-2015 15:00:00','DIFENSORE',4);
INSERT INTO SOSTIENE VALUES('7777602','18-SET-2015 15:00:00','DIFENSORE',7);
INSERT INTO SOSTIENE VALUES('7777602','21-SET-2015 15:00:00','DIFENSORE',6);
INSERT INTO SOSTIENE VALUES('7777602','23-SET-2015 15:00:00','DIFENSORE',6);
INSERT INTO SOSTIENE VALUES('7777602','25-SET-2015 15:00:00','DIFENSORE',5);
INSERT INTO SOSTIENE VALUES('7777602','28-SET-2015 15:00:00','DIFENSORE',7);
INSERT INTO SOSTIENE VALUES('7777602','30-SET-2015 15:00:00','DIFENSORE',5);

--ALLENAMENTI GRANATA
INSERT INTO SOSTIENE VALUES('2982702','31-AGO-2015 15:00:00','DIFENSORE',8);
INSERT INTO SOSTIENE VALUES('2982702','02-SET-2015 15:00:00','DIFENSORE',8);
INSERT INTO SOSTIENE VALUES('2982702','04-SET-2015 15:00:00','DIFENSORE',9);
INSERT INTO SOSTIENE VALUES('2982702','07-SET-2015 15:00:00','DIFENSORE',7);
INSERT INTO SOSTIENE VALUES('2982702','09-SET-2015 15:00:00','DIFENSORE',6);
INSERT INTO SOSTIENE VALUES('2982702','11-SET-2015 15:00:00','DIFENSORE',6);
INSERT INTO SOSTIENE VALUES('2982702','14-SET-2015 15:00:00','DIFENSORE',7);
INSERT INTO SOSTIENE VALUES('2982702','16-SET-2015 15:00:00','DIFENSORE',9);
INSERT INTO SOSTIENE VALUES('2982702','18-SET-2015 15:00:00','DIFENSORE',8);
INSERT INTO SOSTIENE VALUES('2982702','21-SET-2015 15:00:00','DIFENSORE',7);
INSERT INTO SOSTIENE VALUES('2982702','23-SET-2015 15:00:00','DIFENSORE',6);
INSERT INTO SOSTIENE VALUES('2982702','25-SET-2015 15:00:00','DIFENSORE',7);
INSERT INTO SOSTIENE VALUES('2982702','28-SET-2015 15:00:00','DIFENSORE',7);
INSERT INTO SOSTIENE VALUES('2982702','30-SET-2015 15:00:00','DIFENSORE',5);

--ALLENAMENTI RUSSO
INSERT INTO SOSTIENE VALUES('4567602','31-AGO-2015 15:00:00','CENTROCAMPISTA',8);
INSERT INTO SOSTIENE VALUES('4567602','02-SET-2015 15:00:00','CENTROCAMPISTA',8);
INSERT INTO SOSTIENE VALUES('4567602','04-SET-2015 15:00:00','CENTROCAMPISTA',9);
INSERT INTO SOSTIENE VALUES('4567602','07-SET-2015 15:00:00','CENTROCAMPISTA',7);
INSERT INTO SOSTIENE VALUES('4567602','09-SET-2015 15:00:00','CENTROCAMPISTA',7);
INSERT INTO SOSTIENE VALUES('4567602','11-SET-2015 15:00:00','CENTROCAMPISTA',8);
INSERT INTO SOSTIENE VALUES('4567602','14-SET-2015 15:00:00','CENTROCAMPISTA',7);
INSERT INTO SOSTIENE VALUES('4567602','16-SET-2015 15:00:00','CENTROCAMPISTA',9);
INSERT INTO SOSTIENE VALUES('4567602','18-SET-2015 15:00:00','CENTROCAMPISTA',8);
INSERT INTO SOSTIENE VALUES('4567602','21-SET-2015 15:00:00','CENTROCAMPISTA',7);
INSERT INTO SOSTIENE VALUES('4567602','23-SET-2015 15:00:00','CENTROCAMPISTA',8);
INSERT INTO SOSTIENE VALUES('4567602','25-SET-2015 15:00:00','CENTROCAMPISTA',9);
INSERT INTO SOSTIENE VALUES('4567602','28-SET-2015 15:00:00','CENTROCAMPISTA',9);
INSERT INTO SOSTIENE VALUES('4567602','30-SET-2015 15:00:00','CENTROCAMPISTA',9);

--ALLENAMENTI ROMANUCCI
INSERT INTO SOSTIENE VALUES('1512902','31-AGO-2015 15:00:00','CENTROCAMPISTA',7);
INSERT INTO SOSTIENE VALUES('1512902','02-SET-2015 15:00:00','CENTROCAMPISTA',6);
INSERT INTO SOSTIENE VALUES('1512902','04-SET-2015 15:00:00','CENTROCAMPISTA',5);
INSERT INTO SOSTIENE VALUES('1512902','07-SET-2015 15:00:00','CENTROCAMPISTA',7);
INSERT INTO SOSTIENE VALUES('1512902','09-SET-2015 15:00:00','CENTROCAMPISTA',7);
INSERT INTO SOSTIENE VALUES('1512902','11-SET-2015 15:00:00','CENTROCAMPISTA',8);
INSERT INTO SOSTIENE VALUES('1512902','14-SET-2015 15:00:00','CENTROCAMPISTA',7);
INSERT INTO SOSTIENE VALUES('1512902','16-SET-2015 15:00:00','CENTROCAMPISTA',5);
INSERT INTO SOSTIENE VALUES('1512902','18-SET-2015 15:00:00','CENTROCAMPISTA',8);
INSERT INTO SOSTIENE VALUES('1512902','21-SET-2015 15:00:00','CENTROCAMPISTA',7);
INSERT INTO SOSTIENE VALUES('1512902','23-SET-2015 15:00:00','CENTROCAMPISTA',8);
INSERT INTO SOSTIENE VALUES('1512902','25-SET-2015 15:00:00','CENTROCAMPISTA',6);
INSERT INTO SOSTIENE VALUES('1512902','28-SET-2015 15:00:00','CENTROCAMPISTA',6);
INSERT INTO SOSTIENE VALUES('1512902','30-SET-2015 15:00:00','CENTROCAMPISTA',4);

--ALLENAMENTI PIROZZI
INSERT INTO SOSTIENE VALUES('5567802','31-AGO-2015 15:00:00','CENTROCAMPISTA',8);
INSERT INTO SOSTIENE VALUES('5567802','02-SET-2015 15:00:00','CENTROCAMPISTA',8);
INSERT INTO SOSTIENE VALUES('5567802','04-SET-2015 15:00:00','CENTROCAMPISTA',9);
INSERT INTO SOSTIENE VALUES('5567802','07-SET-2015 15:00:00','CENTROCAMPISTA',7);
INSERT INTO SOSTIENE VALUES('5567802','09-SET-2015 15:00:00','CENTROCAMPISTA',8);
INSERT INTO SOSTIENE VALUES('5567802','11-SET-2015 15:00:00','CENTROCAMPISTA',8);
INSERT INTO SOSTIENE VALUES('5567802','14-SET-2015 15:00:00','CENTROCAMPISTA',10);
INSERT INTO SOSTIENE VALUES('5567802','16-SET-2015 15:00:00','CENTROCAMPISTA',9);
INSERT INTO SOSTIENE VALUES('5567802','18-SET-2015 15:00:00','CENTROCAMPISTA',8);
INSERT INTO SOSTIENE VALUES('5567802','21-SET-2015 15:00:00','CENTROCAMPISTA',8);
INSERT INTO SOSTIENE VALUES('5567802','23-SET-2015 15:00:00','CENTROCAMPISTA',8);
INSERT INTO SOSTIENE VALUES('5567802','25-SET-2015 15:00:00','CENTROCAMPISTA',9);
INSERT INTO SOSTIENE VALUES('5567802','28-SET-2015 15:00:00','CENTROCAMPISTA',9);
INSERT INTO SOSTIENE VALUES('5567802','30-SET-2015 15:00:00','CENTROCAMPISTA',9);

--ALLENAMENTI CANTE
INSERT INTO SOSTIENE VALUES('4798302','31-AGO-2015 15:00:00','CENTROCAMPISTA',7);
INSERT INTO SOSTIENE VALUES('4798302','02-SET-2015 15:00:00','CENTROCAMPISTA',6);
INSERT INTO SOSTIENE VALUES('4798302','04-SET-2015 15:00:00','CENTROCAMPISTA',7);
INSERT INTO SOSTIENE VALUES('4798302','07-SET-2015 15:00:00','CENTROCAMPISTA',7);
INSERT INTO SOSTIENE VALUES('4798302','09-SET-2015 15:00:00','CENTROCAMPISTA',7);
INSERT INTO SOSTIENE VALUES('4798302','11-SET-2015 15:00:00','CENTROCAMPISTA',8);
INSERT INTO SOSTIENE VALUES('4798302','14-SET-2015 15:00:00','CENTROCAMPISTA',7);
INSERT INTO SOSTIENE VALUES('4798302','16-SET-2015 15:00:00','CENTROCAMPISTA',7);
INSERT INTO SOSTIENE VALUES('4798302','18-SET-2015 15:00:00','CENTROCAMPISTA',8);
INSERT INTO SOSTIENE VALUES('4798302','21-SET-2015 15:00:00','CENTROCAMPISTA',7);
INSERT INTO SOSTIENE VALUES('4798302','23-SET-2015 15:00:00','CENTROCAMPISTA',8);
INSERT INTO SOSTIENE VALUES('4798302','25-SET-2015 15:00:00','CENTROCAMPISTA',6);
INSERT INTO SOSTIENE VALUES('4798302','28-SET-2015 15:00:00','CENTROCAMPISTA',6);
INSERT INTO SOSTIENE VALUES('4798302','30-SET-2015 15:00:00','CENTROCAMPISTA',7);

--ALLENAENTI OLIVELLO
INSERT INTO SOSTIENE VALUES('6667602','31-AGO-2015 15:00:00','CENTROCAMPISTA',10);
INSERT INTO SOSTIENE VALUES('6667602','02-SET-2015 15:00:00','CENTROCAMPISTA',8);
INSERT INTO SOSTIENE VALUES('6667602','04-SET-2015 15:00:00','CENTROCAMPISTA',9);
INSERT INTO SOSTIENE VALUES('6667602','07-SET-2015 15:00:00','CENTROCAMPISTA',9);
INSERT INTO SOSTIENE VALUES('6667602','09-SET-2015 15:00:00','CENTROCAMPISTA',8);
INSERT INTO SOSTIENE VALUES('6667602','11-SET-2015 15:00:00','CENTROCAMPISTA',8);
INSERT INTO SOSTIENE VALUES('6667602','14-SET-2015 15:00:00','CENTROCAMPISTA',10);
INSERT INTO SOSTIENE VALUES('6667602','16-SET-2015 15:00:00','CENTROCAMPISTA',9);
INSERT INTO SOSTIENE VALUES('6667602','18-SET-2015 15:00:00','CENTROCAMPISTA',8);
INSERT INTO SOSTIENE VALUES('6667602','21-SET-2015 15:00:00','CENTROCAMPISTA',8);
INSERT INTO SOSTIENE VALUES('6667602','23-SET-2015 15:00:00','CENTROCAMPISTA',10);
INSERT INTO SOSTIENE VALUES('6667602','25-SET-2015 15:00:00','CENTROCAMPISTA',9);
INSERT INTO SOSTIENE VALUES('6667602','28-SET-2015 15:00:00','CENTROCAMPISTA',9);
INSERT INTO SOSTIENE VALUES('6667602','30-SET-2015 15:00:00','CENTROCAMPISTA',9);

--ALLENAMENTI PALERMO
INSERT INTO SOSTIENE VALUES('9824102','31-AGO-2015 15:00:00','ATTACCANTE',7);
INSERT INTO SOSTIENE VALUES('9824102','02-SET-2015 15:00:00','ATTACCANTE',8);
INSERT INTO SOSTIENE VALUES('9824102','04-SET-2015 15:00:00','ATTACCANTE',9);
INSERT INTO SOSTIENE VALUES('9824102','07-SET-2015 15:00:00','ATTACCANTE',7);
INSERT INTO SOSTIENE VALUES('9824102','09-SET-2015 15:00:00','ATTACCANTE',7);
INSERT INTO SOSTIENE VALUES('9824102','11-SET-2015 15:00:00','ATTACCANTE',8);
INSERT INTO SOSTIENE VALUES('9824102','14-SET-2015 15:00:00','ATTACCANTE',7);
INSERT INTO SOSTIENE VALUES('9824102','16-SET-2015 15:00:00','ATTACCANTE',6);
INSERT INTO SOSTIENE VALUES('9824102','18-SET-2015 15:00:00','ATTACCANTE',8);
INSERT INTO SOSTIENE VALUES('9824102','21-SET-2015 15:00:00','ATTACCANTE',7);
INSERT INTO SOSTIENE VALUES('9824102','23-SET-2015 15:00:00','ATTACCANTE',8);
INSERT INTO SOSTIENE VALUES('9824102','25-SET-2015 15:00:00','ATTACCANTE',6);
INSERT INTO SOSTIENE VALUES('9824102','28-SET-2015 15:00:00','ATTACCANTE',7);
INSERT INTO SOSTIENE VALUES('9824102','30-SET-2015 15:00:00','ATTACCANTE',8);

--ALLENAMENTI AMENDOLA
INSERT INTO SOSTIENE VALUES('8797602','31-AGO-2015 15:00:00','ATTACCANTE',7);
INSERT INTO SOSTIENE VALUES('8797602','02-SET-2015 15:00:00','ATTACCANTE',6);
INSERT INTO SOSTIENE VALUES('8797602','04-SET-2015 15:00:00','ATTACCANTE',6);
INSERT INTO SOSTIENE VALUES('8797602','07-SET-2015 15:00:00','ATTACCANTE',5);
INSERT INTO SOSTIENE VALUES('8797602','09-SET-2015 15:00:00','ATTACCANTE',7);
INSERT INTO SOSTIENE VALUES('8797602','11-SET-2015 15:00:00','ATTACCANTE',6);
INSERT INTO SOSTIENE VALUES('8797602','14-SET-2015 15:00:00','ATTACCANTE',7);
INSERT INTO SOSTIENE VALUES('8797602','16-SET-2015 15:00:00','ATTACCANTE',6);
INSERT INTO SOSTIENE VALUES('8797602','18-SET-2015 15:00:00','ATTACCANTE',5);
INSERT INTO SOSTIENE VALUES('8797602','21-SET-2015 15:00:00','ATTACCANTE',7);
INSERT INTO SOSTIENE VALUES('8797602','23-SET-2015 15:00:00','ATTACCANTE',4);
INSERT INTO SOSTIENE VALUES('8797602','25-SET-2015 15:00:00','ATTACCANTE',6);
INSERT INTO SOSTIENE VALUES('8797602','28-SET-2015 15:00:00','ATTACCANTE',7);
INSERT INTO SOSTIENE VALUES('8797602','30-SET-2015 15:00:00','ATTACCANTE',6);

--ALLENAMENTI MILONE
INSERT INTO SOSTIENE VALUES('7467602','31-AGO-2015 15:00:00','ATTACCANTE',7);
INSERT INTO SOSTIENE VALUES('7467602','02-SET-2015 15:00:00','ATTACCANTE',7);
INSERT INTO SOSTIENE VALUES('7467602','04-SET-2015 15:00:00','ATTACCANTE',7);
INSERT INTO SOSTIENE VALUES('7467602','07-SET-2015 15:00:00','ATTACCANTE',5);
INSERT INTO SOSTIENE VALUES('7467602','09-SET-2015 15:00:00','ATTACCANTE',7);
INSERT INTO SOSTIENE VALUES('7467602','11-SET-2015 15:00:00','ATTACCANTE',6);
INSERT INTO SOSTIENE VALUES('7467602','14-SET-2015 15:00:00','ATTACCANTE',7);
INSERT INTO SOSTIENE VALUES('7467602','16-SET-2015 15:00:00','ATTACCANTE',6);
INSERT INTO SOSTIENE VALUES('7467602','18-SET-2015 15:00:00','ATTACCANTE',5);
INSERT INTO SOSTIENE VALUES('7467602','21-SET-2015 15:00:00','ATTACCANTE',7);
INSERT INTO SOSTIENE VALUES('7467602','23-SET-2015 15:00:00','ATTACCANTE',6);
INSERT INTO SOSTIENE VALUES('7467602','25-SET-2015 15:00:00','ATTACCANTE',6);
INSERT INTO SOSTIENE VALUES('7467602','28-SET-2015 15:00:00','ATTACCANTE',7);
INSERT INTO SOSTIENE VALUES('7467602','30-SET-2015 15:00:00','ATTACCANTE',6);

--ALLENAMENTI STELLATO
INSERT INTO SOSTIENE VALUES('8562602','31-AGO-2015 15:00:00','ATTACCANTE',8);
INSERT INTO SOSTIENE VALUES('8562602','02-SET-2015 15:00:00','ATTACCANTE',8);
INSERT INTO SOSTIENE VALUES('8562602','04-SET-2015 15:00:00','ATTACCANTE',9);
INSERT INTO SOSTIENE VALUES('8562602','07-SET-2015 15:00:00','ATTACCANTE',7);
INSERT INTO SOSTIENE VALUES('8562602','09-SET-2015 15:00:00','ATTACCANTE',8);
INSERT INTO SOSTIENE VALUES('8562602','11-SET-2015 15:00:00','ATTACCANTE',8);
INSERT INTO SOSTIENE VALUES('8562602','14-SET-2015 15:00:00','ATTACCANTE',7);
INSERT INTO SOSTIENE VALUES('8562602','16-SET-2015 15:00:00','ATTACCANTE',10);
INSERT INTO SOSTIENE VALUES('8562602','18-SET-2015 15:00:00','ATTACCANTE',8);
INSERT INTO SOSTIENE VALUES('8562602','21-SET-2015 15:00:00','ATTACCANTE',7);
INSERT INTO SOSTIENE VALUES('8562602','23-SET-2015 15:00:00','ATTACCANTE',8);
INSERT INTO SOSTIENE VALUES('8562602','25-SET-2015 15:00:00','ATTACCANTE',8);
INSERT INTO SOSTIENE VALUES('8562602','28-SET-2015 15:00:00','ATTACCANTE',7);
INSERT INTO SOSTIENE VALUES('8562602','30-SET-2015 15:00:00','ATTACCANTE',8);